1579620998,1579618435,1579655443,500,52.32,46.99,57.2,82,75
1579624620,1579618435,1579655443,803,53.64,48,59,77,75
1579628199,1579618435,1579655443,500,55.26,44.01,60.01,72,75
1579631795,1579618435,1579655443,803,56.86,51.8,61,72,75
1579635405,1579618435,1579655443,803,57.69,44.01,63,67,75
1579638986,1579618435,1579655443,804,58.14,43,64.4,67,90
1579642644,1579618435,1579655443,803,58.32,43,64.4,67,75
1579646248,1579618435,1579655443,500,58.01,42.01,64.4,72,75
1579650003,1579618435,1579655443,803,58.59,53.01,63,67,75
1579653662,1579618435,1579655443,804,57.31,43,62.6,63,90
1579657262,1579618435,1579655443,804,56.08,43,62.6,81,90
1579660601,1579618435,1579655443,802,54.93,42.01,60.8,67,40
1579664285,1579618435,1579655443,804,54.57,50,57.99,93,90
1579668062,1579618435,1579655443,803,53.2,41,59,76,75
1579671388,1579618435,1579655443,801,52.52,46.99,57.2,71,20
1579674984,1579618435,1579655443,804,51.42,46,55.99,76,90
1579678688,1579618435,1579655443,801,50.81,45,55.99,76,20
1579682462,1579704811,1579741901,804,50.29,44.01,55.99,100,90
1579685811,1579704811,1579741901,803,49.73,44.01,55.4,76,75
1579689449,1579704811,1579741901,800,49.1,43,55,87,1
1579693234,1579704811,1579741901,500,48.83,43,54,87,90
1579696616,1579704811,1579741901,802,49.14,44.01,54,76,40
1579700462,1579704811,1579741901,701,49.06,44.01,53.6,100,75
1579704062,1579704811,1579741901,701,49.12,44.01,54,100,75
1579707662,1579704811,1579741901,802,49.32,37.99,55.4,100,40
1579711203,1579704811,1579741901,803,51.89,46.4,57.2,71,75
1579714826,1579704811,1579741901,701,55.45,50,60.8,87,90
1579718362,1579704811,1579741901,500,57.85,48.99,63,59,75
1579722062,1579704811,1579741901,803,60.12,50,66.99,67,75
1579725603,1579704811,1579741901,803,61.47,53.01,66.99,59,75
1579729209,1579704811,1579741901,803,62.17,54,66,55,75
1579732862,1579704811,1579741901,800,62.58,55,66.99,59,1
1579736334,1579704811,1579741901,802,62.26,59,66.2,59,40
1579739853,1579704811,1579741901,801,60.91,57,64.4,63,20
1579743534,1579704811,1579741901,800,57.88,54,62.01,67,1
1579747030,1579704811,1579741901,800,56.03,51.8,60.01,77,1
1579750757,1579704811,1579741901,800,54.01,48.99,59,76,1
1579754361,1579704811,1579741901,800,52.79,48,57.2,76,1
1579757894,1579704811,1579741901,800,51.39,46,55.99,81,1
1579761662,1579704811,1579741901,800,50.43,45,55.4,93,1
1579765078,1579704811,1579741901,800,50.09,45,55.4,76,1
1579768566,1579791185,1579828360,800,49.53,44.01,55.4,76,1
1579772294,1579791185,1579828360,800,48.7,43,54,81,1
1579775899,1579791185,1579828360,800,48.65,42.8,53.6,81,1
1579779393,1579791185,1579828360,800,48.51,42.8,53.6,76,1
1579782998,1579791185,1579828360,800,48.47,42.01,55,81,1
1579786566,1579791185,1579828360,800,48.74,42.01,55.4,81,1
1579790212,1579791185,1579828360,800,48.58,41,55.4,81,1
1579794034,1579791185,1579828360,500,49.71,41,57.2,50,1
1579797447,1579791185,1579828360,801,55.92,50,62.01,76,20
1579801046,1579791185,1579828360,721,60.31,55.4,66,72,20
1579804694,1579791185,1579828360,802,64.27,59,69.01,59,40
1579808462,1579791185,1579828360,800,67.96,62.01,73,34,1
1579811858,1579791185,1579828360,803,71.06,64.4,75.99,46,75
1579815596,1579791185,1579828360,803,71.71,64.4,77,49,75
1579819094,1579791185,1579828360,803,70.56,61,78.8,49,75
1579822862,1579791185,1579828360,800,69.93,62.01,77,22,1
1579826274,1579791185,1579828360,801,68.54,61,75,52,20
1579829820,1579791185,1579828360,801,63.39,59,70,63,20
1579833575,1579791185,1579828360,800,61.12,57,66.2,68,1
1579837039,1579791185,1579828360,800,58.77,53.6,64,72,1
1579840630,1579791185,1579828360,800,57.56,51.8,62.6,72,1
1579844269,1579791185,1579828360,800,55.45,50,61,77,1
1579847799,1579791185,1579828360,800,54.7,48.99,60.01,82,1
1579851434,1579791185,1579828360,803,54.52,48.99,60.01,82,75
1579855242,1579877557,1579914819,800,53.82,48,59,71,1
1579858740,1579877557,1579914819,800,52.93,48,57.2,82,1
1579862327,1579877557,1579914819,800,51.84,45,57.2,76,1
1579865850,1579877557,1579914819,800,51.01,44.01,57,76,1
1579869413,1579877557,1579914819,500,50.14,42.8,57,81,1
1579873088,1579877557,1579914819,800,50.14,42.01,55.99,76,1
1579876862,1579877557,1579914819,800,50.13,42.01,55.99,87,1
1579880212,1579877557,1579914819,803,49.89,42.8,55.99,71,75
1579884054,1579877557,1579914819,804,54.95,46.4,63,82,90
1579887638,1579877557,1579914819,802,60.8,53.6,68,72,40
1579891230,1579877557,1579914819,802,64.94,60.01,70,72,40
1579894567,1579877557,1579914819,802,67.87,62.01,73,63,40
1579898209,1579877557,1579914819,802,70.05,64,75.99,64,40
1579901839,1579877557,1579914819,711,70.47,64,75.99,64,40
1579905404,1579877557,1579914819,711,69.76,62.01,75.99,52,75
1579908984,1579877557,1579914819,803,68.85,61,75,63,75
1579912736,1579877557,1579914819,803,66.34,60.01,72,72,75
1579916462,1579877557,1579914819,800,61.39,55,68,58,1
1579920001,1579877557,1579914819,701,58.98,54,64.4,82,75
1579923662,1579877557,1579914819,701,56.32,51.8,61,87,90
1579927262,1579877557,1579914819,800,54.93,50,60.01,76,1
1579930715,1579877557,1579914819,701,53.62,48,59,87,75
1579934332,1579877557,1579914819,701,52.97,48,57.2,87,90
1579937936,1579877557,1579914819,701,52.27,46.4,57.2,87,90
1579941662,1579963928,1580001278,721,51.67,46.4,57.2,82,90
1579945054,1579963928,1580001278,721,50.97,44.6,57.2,87,90
1579948777,1579963928,1580001278,721,50.7,44.01,55.4,87,90
1579952167,1579963928,1580001278,701,50.49,44.01,55.4,93,90
1579956004,1579963928,1580001278,800,49.82,42.8,55.4,87,1
1579959499,1579963928,1580001278,500,49.23,42.01,55.4,43,20
1579963262,1579963928,1580001278,701,49.17,41,55.4,87,90
1579966769,1579963928,1580001278,701,49.44,42.8,54,87,90
1579970462,1579963928,1580001278,800,53.02,46.4,60.01,47,1
1579973971,1579963928,1580001278,800,56.03,46.4,66,47,1
1579977662,1579963928,1580001278,801,59.45,52,69.01,62,20
1579981087,1579963928,1580001278,721,63.52,55,73.99,82,20
1579984767,1579963928,1580001278,802,66.13,55.99,75.99,67,40
1579988402,1579963928,1580001278,800,68.25,59,77,27,1
1579991805,1579963928,1580001278,803,68.2,59,75.99,59,75
1579995469,1579963928,1580001278,802,66.27,55.99,75.99,59,40
1579999167,1579963928,1580001278,803,63.48,55.99,72,67,75
1580002582,1579963928,1580001278,803,59.36,55,66.2,72,75
1580006241,1579963928,1580001278,721,57.51,53.01,62.6,77,75
1580009974,1579963928,1580001278,721,55.67,51.8,60.01,82,75
1580013662,1579963928,1580001278,701,55.09,51.8,57.99,82,90
1580017262,1579963928,1580001278,800,54.36,50,57.2,81,1
1580020833,1579963928,1580001278,701,53.8,48.99,57.99,82,90
1580024199,1579963928,1580001278,701,53.42,48,57.99,87,90
1580027787,1580050297,1580087737,721,53.04,46.99,57.99,82,90
1580031647,1580050297,1580087737,721,52.59,46,57.2,82,90
1580035023,1580050297,1580087737,701,52.27,45,57.2,87,90
1580038767,1580050297,1580087737,721,52.2,45,57.2,82,90
1580042316,1580050297,1580087737,721,51.85,45,57.2,82,90
1580046008,1580050297,1580087737,741,51.67,44.01,57.2,93,90
1580049615,1580050297,1580087737,701,51.67,44.01,57.2,82,90
1580053219,1580050297,1580087737,701,51.69,44.01,57.2,76,90
1580056821,1580050297,1580087737,701,53.58,48.2,57.99,76,90
1580060299,1580050297,1580087737,701,54.79,50,59,76,90
1580063896,1580050297,1580087737,701,55.22,51.01,59,72,90
1580067641,1580050297,1580087737,800,57.11,53.01,61,67,1
1580071102,1580050297,1580087737,721,57.94,53.6,62.01,67,90
1580074757,1580050297,1580087737,721,58.55,55,63,72,90
1580078461,1580050297,1580087737,800,58.55,55.4,62.01,67,1
1580082062,1580050297,1580087737,721,58.12,55,61,82,20
1580085456,1580050297,1580087737,800,57.31,54,60.01,76,1
1580089172,1580050297,1580087737,802,55.74,51.8,59,76,40
1580092797,1580050297,1580087737,803,54.07,50,57.99,71,75
1580096462,1580050297,1580087737,721,52.56,48,57.2,81,40
1580100015,1580050297,1580087737,800,52.34,48,57.2,71,1
1580103526,1580050297,1580087737,800,52.16,46.99,57.2,76,1
1580107262,1580050297,1580087737,804,52.61,48,57.2,87,90
1580110667,1580050297,1580087737,701,51.93,48,55.99,76,75
1580114462,1580136665,1580174196,701,50.79,46.4,55.4,87,75
1580117909,1580136665,1580174196,721,49.91,46,54,76,20
1580121368,1580136665,1580174196,721,49.44,45,54,76,1
1580125044,1580136665,1580174196,721,48.24,44.01,53.01,81,40
1580128862,1580136665,1580174196,741,47.3,42.8,52,93,90
1580132462,1580136665,1580174196,701,46.6,42.01,51.8,93,1
1580136062,1580136665,1580174196,741,45.82,41,51.01,93,90
1580139420,1580136665,1580174196,701,46.58,41,52,87,1
1580143007,1580136665,1580174196,721,50.77,44.01,55,76,1
1580146828,1580136665,1580174196,721,56.66,51.8,60.01,81,40
1580150356,1580136665,1580174196,721,60.22,55.99,64,63,75
1580154034,1580136665,1580174196,721,63.63,60.01,66.99,63,40
1580157554,1580136665,1580174196,721,66.07,59,71.01,48,75
1580161249,1580136665,1580174196,800,67.89,62.01,73,26,1
1580164653,1580136665,1580174196,802,69.1,62.6,73.99,49,40
1580168403,1580136665,1580174196,802,68.16,59,73.99,52,40
1580171965,1580136665,1580174196,802,65.88,55,73.99,63,40
1580175579,1580136665,1580174196,802,62.94,57.99,68,68,40
1580178986,1580136665,1580174196,800,60.67,55,66.2,68,1
1580182652,1580136665,1580174196,802,58.51,51.01,66.2,72,40
1580186255,1580136665,1580174196,801,56.95,48.99,64.99,67,20
1580189799,1580136665,1580174196,800,55.9,48,64.99,72,1
1580193448,1580136665,1580174196,800,54.27,46.99,64,72,1
1580197098,1580136665,1580174196,800,53.64,46,63,76,1
1580200613,1580223031,1580260656,800,52.86,44.01,63,71,1
1580204208,1580223031,1580260656,800,53.11,37.4,66.2,76,1
1580207784,1580223031,1580260656,500,51.51,37.4,64.4,81,1
1580211408,1580223031,1580260656,500,50.67,35.6,62.6,76,1
1580215008,1580223031,1580260656,800,49.86,37.4,62.01,76,1
1580218587,1580223031,1580260656,800,49.51,33.8,61,81,1
1580222462,1580223031,1580260656,500,49.23,35.6,60.8,75,1
1580225942,1580223031,1580260656,721,50.47,41,57.99,81,40
1580229570,1580223031,1580260656,801,56.52,48.2,62.01,67,20
1580233245,1580223031,1580260656,800,62.11,57,68,50,1
1580236842,1580223031,1580260656,800,65.68,60.8,70,36,1
1580240319,1580223031,1580260656,803,68.7,64,73,63,75
1580243829,1580223031,1580260656,803,71.29,66,75.99,37,75
1580247403,1580223031,1580260656,803,71.67,66,75.99,37,75
1580251175,1580223031,1580260656,803,71.71,64.99,77,35,75
1580254703,1580223031,1580260656,803,69.82,60.8,75.2,49,75
1580258462,1580223031,1580260656,800,67.37,60.01,73.99,37,1
1580262046,1580223031,1580260656,800,62.29,57.99,68,48,1
1580265456,1580223031,1580260656,801,59.81,55,64.4,59,20
1580269027,1580223031,1580260656,800,57.61,51.01,64.4,67,1
1580272578,1580223031,1580260656,800,55.89,48.99,64,67,1
1580276462,1580223031,1580260656,800,55.24,48,64.99,61,1
1580279947,1580223031,1580260656,800,53.15,46.4,62.6,77,1
1580283450,1580223031,1580260656,800,52.2,43,62.6,82,1
1580287200,1580309395,1580347115,800,51.66,41,63,71,1
1580290604,1580309395,1580347115,800,51.04,37.4,66.2,76,1
1580294369,1580309395,1580347115,800,50.25,39,64.4,76,1
1580298062,1580309395,1580347115,800,48.63,37.4,64.4,80,1
1580301453,1580309395,1580347115,800,47.97,36,64.4,76,1
1580305262,1580309395,1580347115,800,47.88,34,64.4,86,1
1580308652,1580309395,1580347115,500,47.32,33.01,64.4,76,1
1580312208,1580309395,1580347115,500,47.73,36,61,76,20
1580315943,1580309395,1580347115,500,55.02,44.01,64.99,76,1
1580319651,1580309395,1580347115,800,59.49,50,68,67,1
1580323151,1580309395,1580347115,800,63.48,57,69.01,59,1
1580326862,1580309395,1580347115,800,67.5,60.8,73.4,22,1
1580330192,1580309395,1580347115,800,70.3,64,75.99,16,1
1580333774,1580309395,1580347115,800,70.93,64,75.2,48,1
1580337403,1580309395,1580347115,800,70.95,64,77,20,1
1580341262,1580309395,1580347115,800,70.41,64,75.99,15,1
1580344862,1580309395,1580347115,800,68.81,62.01,75.2,16,1
1580348462,1580309395,1580347115,771,66.38,60.01,73.4,17,1
1580351983,1580309395,1580347115,800,64.9,57.99,71.01,32,1
1580355450,1580309395,1580347115,800,63.86,55.99,70,27,1
1580359054,1580309395,1580347115,800,62.4,54,70,38,1
1580362861,1580309395,1580347115,800,61.39,51.01,69.01,16,1
1580366418,1580309395,1580347115,800,59.59,48.99,68,26,1
1580369875,1580309395,1580347115,800,57.04,48,66.99,46,1
1580373662,1580395758,1580433574,800,56.73,45,66,23,1
1580377171,1580395758,1580433574,800,55.08,39.99,64.99,25,1
1580380735,1580395758,1580433574,800,54.05,37.99,64.99,31,1
1580384400,1580395758,1580433574,800,52.2,34,63,31,1
1580387814,1580395758,1580433574,800,51.08,33.8,62.6,35,1
1580391418,1580395758,1580433574,800,49.75,33.01,62.6,46,1
1580395009,1580395758,1580433574,800,49.1,30.99,60.8,52,1
1580398600,1580395758,1580433574,802,50.32,39.2,59,46,40
1580402452,1580395758,1580433574,800,57.33,48,63,42,1
1580406062,1580395758,1580433574,803,63.37,57.2,69.01,36,75
1580409623,1580395758,1580433574,803,66.27,57,72,28,75
1580412963,1580395758,1580433574,803,69.67,64,75,28,75
1580416862,1580395758,1580433574,800,71.08,66,75.99,13,1
1580420462,1580395758,1580433574,800,71.26,66,75.99,13,1
1580423793,1580395758,1580433574,803,71.01,64.99,75.2,23,75
1580427451,1580395758,1580433574,800,69.75,63,75.2,28,1
1580431215,1580395758,1580433574,802,67.37,62.01,73.4,40,40
1580434605,1580395758,1580433574,802,63.16,59,68,52,40
1580438429,1580395758,1580433574,802,60.03,55,64.99,48,40
1580441889,1580395758,1580433574,802,57.6,51.01,64.4,45,40
1580445633,1580395758,1580433574,802,56.37,50,62.6,42,40
1580449262,1580395758,1580433574,800,55.31,46.99,64,44,1
1580452862,1580395758,1580433574,800,54.37,45,63,61,1
1580456462,1580395758,1580433574,800,53.96,44.6,62.6,61,1
1580459923,1580482119,1580520034,800,52.83,44.01,61,54,1
1580463529,1580482119,1580520034,800,52.36,42.8,60.8,50,1
1580467112,1580482119,1580520034,800,51.46,42.01,60.8,47,1
1580470589,1580482119,1580520034,800,50.83,41,59,57,1
1580474165,1580482119,1580520034,800,50.67,39.99,57.99,57,1
1580478062,1580482119,1580520034,800,48.97,39,57.99,69,1
1580481485,1580482119,1580520034,800,50.22,39.2,59,57,1
1580485133,1580482119,1580520034,801,51.22,41,61,57,20
1580488649,1580482119,1580520034,801,58.64,46.99,69.01,54,20
1580492414,1580482119,1580520034,800,65.16,59,72,41,1
1580495817,1580482119,1580520034,800,70.41,64.99,75,34,1
1580499412,1580482119,1580520034,801,74.5,69.01,79,27,20
1580503262,1580482119,1580520034,800,76.98,71.01,82,15,1
1580506837,1580482119,1580520034,802,77.81,72,82.99,21,40
1580510462,1580482119,1580520034,800,77.83,71.01,82.99,22,1
1580513894,1580482119,1580520034,800,77.22,70,82.99,17,1
1580517600,1580482119,1580520034,801,74.86,66.99,82.4,18,20
1580521262,1580482119,1580520034,800,69.21,62.6,75.99,19,1
1580524862,1580482119,1580520034,800,65.89,60.01,71.6,24,1
1580528462,1580482119,1580520034,800,63.7,55.99,69.8,29,1
1580532038,1580482119,1580520034,800,61.84,54,68,33,1
1580535655,1580482119,1580520034,800,59.68,51.01,66.2,43,1
1580539004,1580482119,1580520034,800,57.87,50,64.4,36,1
1580542691,1580482119,1580520034,800,57.04,48,66,44,1
1580546291,1580568479,1580606493,800,56.07,48,64.4,44,1
1580550062,1580568479,1580606493,800,54.91,44.01,64.4,52,1
1580553580,1580568479,1580606493,800,54.18,42.8,64.99,54,1
1580557184,1580568479,1580606493,800,52.95,42.01,62.01,54,1
1580560804,1580568479,1580606493,800,53.44,42.8,63,54,1
1580564462,1580568479,1580606493,800,52.12,41,63,52,1
1580567951,1580568479,1580606493,800,52.11,39.99,62.6,54,1
1580571400,1580568479,1580606493,800,52.38,41,60.8,50,1
1580575255,1580568479,1580606493,800,60.21,51.8,68,37,1
1580578789,1580568479,1580606493,800,67.73,60.8,73,32,1
1580582216,1580568479,1580606493,800,72.32,66.2,78.01,26,1
1580585813,1580568479,1580606493,800,76.84,71.6,81,23,1
1580589656,1580568479,1580606493,800,80.06,75,84.99,16,1
1580593261,1580568479,1580606493,800,81.14,75,84.99,14,1
1580596856,1580568479,1580606493,800,80.29,72,86,12,1
1580600226,1580568479,1580606493,801,79.54,70,87.8,11,20
1580603986,1580568479,1580606493,801,77.85,69.01,84.2,27,20
1580607551,1580568479,1580606493,801,71.22,63,80.6,33,20
1580611016,1580568479,1580606493,800,67.12,60.01,73.4,27,1
1580614856,1580568479,1580606493,800,64.15,52,71.6,31,1
1580618462,1580568479,1580606493,800,61.9,55.4,68,44,1
1580621965,1580568479,1580606493,800,60.17,53.01,66.99,42,1
1580625373,1580568479,1580606493,800,58.8,51.01,64.99,45,1
1580629262,1580568479,1580606493,800,57.78,50,64.99,53,1
1580632579,1580654837,1580692952,800,57.29,48.2,66.2,51,1
1580636355,1580654837,1580692952,800,55.49,46.4,63,58,1
1580639779,1580654837,1580692952,800,53.74,44.01,62.01,62,1
1580643496,1580654837,1580692952,800,53.2,43,62.6,62,1
1580647050,1580654837,1580692952,800,53.04,42.01,62.01,62,1
1580650570,1580654837,1580692952,800,51.4,39.99,60.8,66,1
1580654462,1580654837,1580692952,800,51.15,41,60.8,60,1
1580657815,1580654837,1580692952,800,51.82,41,59,58,1
1580661662,1580654837,1580692952,800,58.62,48.2,68,50,1
1580665164,1580654837,1580692952,800,62.91,55.4,69.01,48,1
1580668862,1580654837,1580692952,800,65.59,60.01,71.01,80,1
1580672353,1580654837,1580692952,801,67.42,61,73.99,68,20
1580676061,1580654837,1580692952,800,68.38,60.01,75.99,26,1
1580679390,1580654837,1580692952,801,67.24,57.99,75.99,56,20
1580683120,1580654837,1580692952,802,64.35,57,73.4,63,40
1580686690,1580654837,1580692952,802,62.15,57,69.8,68,40
1580690431,1580654837,1580692952,803,60.75,55.99,66.99,67,75
1580693843,1580654837,1580692952,803,57.76,53.01,62.6,72,75
1580697662,1580654837,1580692952,800,56.46,51.8,61,87,1
1580701262,1580654837,1580692952,801,55.99,51.01,60.8,66,20
1580704599,1580654837,1580692952,804,55.96,51.01,60.8,67,90
1580708459,1580654837,1580692952,804,55.72,51.01,60.8,93,90
1580711951,1580654837,1580692952,804,55.69,50,60.8,72,90
1580715662,1580654837,1580692952,804,55.49,51.01,59,76,90
1580719104,1580741194,1580779411,500,54.91,50,59,77,90
1580722749,1580741194,1580779411,500,54.27,48.99,57.99,35,75
1580726462,1580741194,1580779411,500,52.95,48,57.99,71,90
1580729774,1580741194,1580779411,500,51.3,46,55.4,37,20
1580733400,1580741194,1580779411,800,50.04,45,55.4,30,1
1580736993,1580741194,1580779411,501,49.17,44.01,54,32,1
1580740740,1580741194,1580779411,801,48.58,43,53.6,32,20
1580744462,1580741194,1580779411,804,48.79,43,53.6,39,90
1580747871,1580741194,1580779411,801,50.72,45,55,40,20
1580751473,1580741194,1580779411,801,53.2,46.99,57.99,22,20
1580755262,1580741194,1580779411,800,55.24,48.99,60.01,23,1
1580758862,1580741194,1580779411,800,57.69,51.01,62.01,18,1
1580762440,1580741194,1580779411,800,59.13,52,64.99,19,1
1580766033,1580741194,1580779411,803,59.5,53.01,64.4,13,75
1580769446,1580741194,1580779411,803,59.76,41,64.99,13,75
1580773147,1580741194,1580779411,801,59.58,53.01,64.99,12,20
1580776844,1580741194,1580779411,800,57.96,51.01,64.4,12,1
1580780462,1580741194,1580779411,804,55.35,48.99,60.8,15,90
1580784062,1580741194,1580779411,804,53.19,46.99,59,15,90
1580787546,1580741194,1580779411,800,52.16,46,57.2,16,1
1580791153,1580741194,1580779411,800,51.48,45,55.99,16,1
1580794596,1580741194,1580779411,800,50.92,42.8,55.99,20,1
1580798210,1580741194,1580779411,800,49.98,41,57.2,9,1
1580801824,1580741194,1580779411,800,49.41,42.01,55,15,1
1580805662,1580827549,1580865870,721,48.34,41,55.4,16,20
1580809090,1580827549,1580865870,800,47.3,39,53.6,11,1
1580812862,1580827549,1580865870,800,46.6,37.99,53.6,12,1
1580816272,1580827549,1580865870,800,45.79,37,53.6,12,1
1580819771,1580827549,1580865870,800,45.12,35.01,52,12,1
1580823387,1580827549,1580865870,800,44.82,35.01,52,13,1
1580827247,1580827549,1580865870,800,44.8,35.01,51.8,13,1
1580830862,1580827549,1580865870,800,44.98,35.6,52,12,1
1580834389,1580827549,1580865870,800,48.47,41,54,11,1
1580837951,1580827549,1580865870,800,51.49,44.6,57,10,1
1580841426,1580827549,1580865870,800,53.55,46.99,59,10,1
1580845197,1580827549,1580865870,800,55.69,50,61,8,1
1580848786,1580827549,1580865870,800,57.09,51.01,62.6,7,1
1580852250,1580827549,1580865870,800,57.22,51.01,62.6,9,1
1580856035,1580827549,1580865870,800,58.05,51.8,63,7,1
1580859579,1580827549,1580865870,800,57.61,51.8,62.6,8,1
1580863216,1580827549,1580865870,800,56.43,51.01,61,4,1
1580866603,1580827549,1580865870,800,53.96,48,57.99,15,1
1580870462,1580827549,1580865870,800,51.91,44.6,57.2,14,1
1580873790,1580827549,1580865870,800,49.53,41,57.2,24,1
1580877438,1580827549,1580865870,800,48.45,39,55.4,24,1
1580881146,1580827549,1580865870,800,46.51,35.01,55.4,15,1
1580884832,1580827549,1580865870,800,45.54,35.01,55.4,10,1
1580888203,1580827549,1580865870,800,44.51,33.01,54,11,1
1580892062,1580913903,1580952329,800,43.66,32,54,29,1
1580895620,1580913903,1580952329,800,42.42,30,52,17,1
1580899262,1580913903,1580952329,800,41.83,30.2,48.99,21,1
1580902586,1580913903,1580952329,800,40.77,30.2,48.2,24,1
1580906303,1580913903,1580952329,800,39.15,28,48.2,30,1
1580909958,1580913903,1580952329,800,38.52,28.4,46.4,33,1
1580913401,1580913903,1580952329,800,37.81,28,46.4,38,1
1580917047,1580913903,1580952329,802,39,30.2,46.4,39,40
1580920862,1580913903,1580952329,803,45.46,35.6,53.01,31,75
1580924439,1580913903,1580952329,803,52.66,46.4,57,25,75
1580928061,1580913903,1580952329,800,55.42,48.99,60.01,15,1
1580931597,1580913903,1580952329,803,58.14,53.01,63,18,75
1580935104,1580913903,1580952329,803,59.65,55,64,14,75
1580938862,1580913903,1580952329,800,59.99,55.99,63,12,1
1580942252,1580913903,1580952329,803,60.01,55.99,63,17,75
1580945852,1580913903,1580952329,803,59.67,55.99,63,23,75
1580949662,1580913903,1580952329,800,58.33,55,62.01,30,1
1580953262,1580913903,1580952329,800,55.22,51.01,59,22,1
1580956705,1580913903,1580952329,803,52.86,46.99,57.2,47,75
1580960341,1580913903,1580952329,803,50.27,42.8,57.2,47,75
1580963904,1580913903,1580952329,802,48.97,42.01,55.4,50,40
1580967387,1580913903,1580952329,800,47.26,39.99,54,61,1
1580971262,1580913903,1580952329,800,45.05,37.99,52,45,1
1580974862,1580913903,1580952329,800,44.29,37.4,51.01,69,1
1580978375,1581000255,1581038787,800,43.9,37,50,61,1
1580981972,1581000255,1581038787,800,43.11,37,48.99,65,1
1580985662,1581000255,1581038787,800,42.57,35.6,48.2,69,1
1580989262,1581000255,1581038787,800,42.04,35.01,48.2,65,1
1580992707,1581000255,1581038787,800,41.43,33.8,48.2,61,1
1580996462,1581000255,1581038787,800,40.75,33.01,48.2,74,1
1580999823,1581000255,1581038787,800,40.86,33.01,48.2,61,1
1581003578,1581000255,1581038787,800,42.28,33.8,48.99,57,1
1581007262,1581000255,1581038787,800,49.89,42.8,54,60,1
1581010862,1581000255,1581038787,801,54.97,48.99,60.01,41,20
1581014208,1581000255,1581038787,801,57.61,53.01,61,36,20
1581018062,1581000255,1581038787,800,60.4,55.99,64.4,24,1
1581021662,1581000255,1581038787,800,62.35,57.99,66.2,23,1
1581025262,1581000255,1581038787,800,63.03,59,66.99,18,1
1581028595,1581000255,1581038787,800,63.21,59,66.99,37,1
1581032293,1581000255,1581038787,800,63,59,66.99,29,1
1581036062,1581000255,1581038787,800,61.11,57,64.99,57,1
1581039497,1581000255,1581038787,800,57.69,53.6,62.01,44,1
1581043105,1581000255,1581038787,800,54.88,50,59,62,1
1581046847,1581000255,1581038787,800,52.2,46,57.2,61,1
1581050311,1581000255,1581038787,800,50.49,44.01,55.99,59,1
1581054062,1581000255,1581038787,800,48.94,42.8,55,65,1
1581057638,1581000255,1581038787,800,47.32,41,54,65,1
1581061262,1581000255,1581038787,802,46.4,39.99,53.01,57,40
1581064862,1581086606,1581125245,800,45.73,39.2,52,60,1
1581068347,1581086606,1581125245,800,45.18,37.99,52,66,1
1581072062,1581086606,1581125245,800,44.71,37.4,51.01,60,1
1581075378,1581086606,1581125245,800,44.49,37.99,50,71,1
1581079262,1581086606,1581125245,800,43.66,37,50,60,1
1581082652,1581086606,1581125245,800,43.34,35.6,50,76,1
1581086408,1581086606,1581125245,801,43.41,35.01,48.99,70,20
1581090062,1581086606,1581125245,800,44.01,35.6,51.01,57,1
1581093662,1581086606,1581125245,800,50.47,42.8,57,61,1
1581097002,1581086606,1581125245,800,56.82,51.8,61,58,1
1581100862,1581086606,1581125245,800,59.7,55.4,64,44,1
1581104193,1581086606,1581125245,800,62.76,57.99,66.99,39,1
1581107910,1581086606,1581125245,800,64.83,59,70,37,1
1581111580,1581086606,1581125245,800,66.15,60.01,72,45,1
1581115074,1581086606,1581125245,800,66.56,60.01,72,37,1
1581118844,1581086606,1581125245,800,65.86,59,71.01,30,1
1581122462,1581086606,1581125245,800,64.98,59,71.01,42,1
1581125904,1581086606,1581125245,800,60.87,55,66.2,45,1
1581129396,1581086606,1581125245,800,57.65,53.01,62.6,51,1
1581133230,1581086606,1581125245,800,55.24,51.01,59,47,1
1581136842,1581086606,1581125245,800,53.69,48.2,57.2,76,1
1581140462,1581086606,1581125245,800,52.32,46.4,57.2,76,1
1581143767,1581086606,1581125245,800,50.61,44.6,55.99,71,1
1581147485,1581086606,1581125245,800,49.73,43,55.99,71,1
1581151262,1581172955,1581211703,800,48.87,42.8,55.4,81,1
1581154862,1581172955,1581211703,800,47.77,41,54,81,1
1581158404,1581172955,1581211703,800,46.42,39.2,54,71,1
1581162023,1581172955,1581211703,803,46.33,39.99,53.01,76,75
1581165505,1581172955,1581211703,802,46.44,39,52,76,40
1581172704,1581172955,1581211703,800,45.95,37.99,53.6,76,1
1581179824,1581172955,1581211703,800,51.42,44.6,57.99,76,1
1581183476,1581172955,1581211703,721,56.64,51.8,62.01,71,1
1581187019,1581172955,1581211703,721,60.49,54,66,62,1
1581190797,1581172955,1581211703,721,64.42,57.99,70,59,1
1581194251,1581172955,1581211703,721,66.76,59,72,48,1
1581197859,1581172955,1581211703,800,67.51,60.01,73,43,1
1581201421,1581172955,1581211703,800,65.91,57,73,48,1
1581205262,1581172955,1581211703,800,64.85,57,71.6,45,1
1581208581,1581172955,1581211703,801,62.87,55.99,70,55,20
1581212462,1581172955,1581211703,800,58.57,53.01,64,62,1
1581215904,1581172955,1581211703,801,56.08,52,60.01,72,20
1581219662,1581172955,1581211703,800,54.32,50,57.99,71,1
1581223262,1581172955,1581211703,800,52.83,48,57.2,81,1
1581226593,1581172955,1581211703,802,52.14,46.4,57.2,82,40
1581230278,1581172955,1581211703,804,52.11,46,57.99,82,90
1581233904,1581172955,1581211703,741,51.94,45,57.99,100,90
1581237504,1581259304,1581298161,701,52.63,46.4,57.99,100,90
1581240978,1581259304,1581298161,804,53.15,46.4,59,67,90
1581244588,1581259304,1581298161,701,52.92,46.99,57.2,93,90
1581248306,1581259304,1581298161,804,53.08,46.99,57.2,67,90
1581252062,1581259304,1581298161,804,53.17,46.99,59,62,90
1581255549,1581259304,1581298161,804,52.88,46.99,57.2,67,90
1581259262,1581259304,1581298161,500,52.56,46.99,57.2,67,75
1581262632,1581259304,1581298161,500,52.52,46.99,57.2,82,75
1581266462,1581259304,1581298161,500,53.04,48,57.2,76,75
1581269794,1581259304,1581298161,501,54,48.99,57.99,82,90
1581273505,1581259304,1581298161,500,54.36,50,59,82,75
1581277131,1581259304,1581298161,500,54.68,50,59,72,75
1581280589,1581259304,1581298161,500,54.5,48.99,60.01,67,90
1581284225,1581259304,1581298161,500,54.45,48.99,59,76,90
1581287864,1581259304,1581298161,500,54.27,48.99,59,71,75
1581291603,1581259304,1581298161,500,54.07,48.99,59,62,90
1581295262,1581259304,1581298161,500,53.83,48,59,71,75
1581298862,1581259304,1581298161,500,53.01,46.4,59,71,90
1581305878,1581259304,1581298161,500,52.36,46,57.99,58,90
1581309494,1581259304,1581298161,500,52.32,44.6,57.2,50,90
1581312972,1581259304,1581298161,500,52.47,45,57.2,54,90
1581316697,1581259304,1581298161,500,52.12,45,57.2,54,90
1581320462,1581259304,1581298161,500,51.37,44.01,57.2,60,90
1581324059,1581345650,1581384619,500,50.83,42.8,57.99,100,75
1581327424,1581345650,1581384619,500,50.88,43,57.2,50,90
1581331262,1581345650,1581384619,500,50.56,42.8,57.2,62,90
1581334862,1581345650,1581384619,804,51.01,45,57.2,71,90
1581338358,1581345650,1581384619,804,51.31,45,57.99,66,90
1581341884,1581345650,1581384619,804,50.83,43,57.99,66,90
1581345662,1581345650,1581384619,500,50.45,44.01,57.2,71,75
1581349262,1581345650,1581384619,500,51.31,45,57.99,71,75
1581352726,1581345650,1581384619,500,54.45,46.99,62.01,71,75
1581356462,1581345650,1581384619,500,58.23,51.8,64.99,67,75
1581360042,1581345650,1581384619,801,60.39,53.01,66.99,55,20
1581363369,1581345650,1581384619,802,63.54,55.4,71.01,42,40
1581367108,1581345650,1581384619,802,65.35,57.99,72,26,40
1581370794,1581345650,1581384619,803,66.07,57.99,71.6,58,75
1581374308,1581345650,1581384619,801,67.66,60.01,73.99,31,20
1581378062,1581345650,1581384619,803,67.51,60.01,73.4,34,75
1581381364,1581345650,1581384619,800,67.32,60.01,73.4,27,1
1581385240,1581345650,1581384619,801,63.81,55.99,71.6,32,20
1581388862,1581345650,1581384619,801,61.36,55,68,37,20
1581392190,1581345650,1581384619,801,59.36,51.01,68,45,20
1581395964,1581345650,1581384619,801,58.19,50,66.2,55,20
1581399662,1581345650,1581384619,800,56.68,48,64.4,63,1
1581403262,1581345650,1581384619,800,56.21,46.4,64.4,63,1
1581406652,1581345650,1581384619,801,54.77,45,64.4,76,20
1581410408,1581431996,1581471076,800,54.14,44.01,64.4,62,1
1581413782,1581431996,1581471076,800,53.29,42.8,63,66,1
1581417500,1581431996,1581471076,800,52.63,42.8,62.6,71,1
1581421262,1581431996,1581471076,800,53.67,44.6,62.6,81,1
1581424808,1581431996,1581471076,800,54.34,42.8,62.6,76,1
1581428462,1581431996,1581471076,800,54.9,44.6,63,62,1
1581431903,1581431996,1581471076,800,55.22,44.01,63,18,1
1581435370,1581431996,1581471076,800,55.6,46,63,44,1
1581439147,1581431996,1581471076,800,60.28,51.8,66.99,17,1
1581442758,1581431996,1581471076,800,63.36,57,69.8,12,1
1581446265,1581431996,1581471076,800,65.17,59,70,34,1
1581450062,1581431996,1581471076,800,67.5,61,73.4,12,1
1581453662,1581431996,1581471076,801,68.65,62.01,75.2,8,20
1581457262,1581431996,1581471076,800,68.47,62.01,73.99,13,1
1581460628,1581431996,1581471076,801,68.11,62.01,73.4,37,20
1581464406,1581431996,1581471076,801,67.19,61,73,35,20
1581468007,1581431996,1581471076,800,65.98,60.01,72,22,1
1581471662,1581431996,1581471076,800,62.13,55.99,68,32,1
1581475109,1581431996,1581471076,800,58.51,42.01,66.2,45,1
1581478862,1581431996,1581471076,800,55.74,41,64.4,42,1
1581482382,1581431996,1581471076,800,54.3,46.99,61,38,1
1581486062,1581431996,1581471076,800,52.09,44.6,59,65,1
1581489662,1581431996,1581471076,800,50.32,42.8,57.2,54,1
1581492993,1581431996,1581471076,800,49.39,41,57.2,54,1
1581496673,1581518340,1581557532,800,48.49,39.99,55.4,62,1
1581500309,1581518340,1581557532,800,47.1,37.99,55.4,62,1
1581504014,1581518340,1581557532,800,45.48,36,53.6,62,1
1581507504,1581518340,1581557532,800,44.98,36,53.6,62,1
1581511099,1581518340,1581557532,800,44.37,35.01,52,57,1
1581514704,1581518340,1581557532,800,43.74,33.8,53.01,53,1
1581518434,1581518340,1581557532,800,43.38,33.01,52,57,1
1581522055,1581518340,1581557532,803,45.12,35.01,54,57,75
1581525398,1581518340,1581557532,800,51.93,42.8,57.99,47,1
1581529016,1581518340,1581557532,801,57.81,51.01,63,41,20
1581532634,1581518340,1581557532,801,60.37,55,64.99,48,20
1581536214,1581518340,1581557532,801,62.51,57.99,66.2,52,20
1581539951,1581518340,1581557532,802,63.97,60.01,68,55,40
1581543526,1581518340,1581557532,802,64.44,60.01,68,52,40
1581547074,1581518340,1581557532,802,63.86,59,68,52,40
1581550746,1581518340,1581557532,802,63.43,59,68,48,40
1581554462,1581518340,1581557532,800,61.79,57,66.2,31,1
1581557869,1581518340,1581557532,801,58.64,54,63,63,20
1581561662,1581518340,1581557532,801,56.16,51.01,60.8,72,20
1581565058,1581518340,1581557532,801,53.73,48,59,76,20
1581568803,1581518340,1581557532,800,52.09,46,57.2,62,1
1581572451,1581518340,1581557532,800,50.86,44.01,57.2,71,1
1581576062,1581518340,1581557532,800,48.74,42.01,55.4,81,1
1581579662,1581518340,1581557532,801,48.09,39.99,55.4,62,20
1581582982,1581604683,1581643989,800,47.34,39.99,54,66,1
1581586651,1581604683,1581643989,800,46.58,37.99,54,71,1
1581590462,1581604683,1581643989,803,46.26,37,55.4,62,75
1581593983,1581604683,1581643989,801,45.14,35.6,53.6,66,20
1581597611,1581604683,1581643989,800,44.33,35.01,53.01,66,1
1581601262,1581604683,1581643989,800,43.79,35.01,51.8,66,1
1581604862,1581604683,1581643989,800,43.66,35.01,51.8,66,1
1581608462,1581604683,1581643989,801,45.09,36,52,66,20
1581611874,1581604683,1581643989,801,51.85,44.01,57.99,62,20
1581615381,1581604683,1581643989,800,57,51.8,61,62,1
1581619262,1581604683,1581643989,801,60.98,57,64.99,51,20
1581622613,1581604683,1581643989,803,64.35,59,69.01,42,75
1581626167,1581604683,1581643989,803,66.65,61,71.01,30,75
1581630062,1581604683,1581643989,500,67.1,60.01,72,32,75
1581633370,1581604683,1581643989,803,66.51,59,72,40,75
1581637262,1581604683,1581643989,802,65.53,57.99,72,45,40
1581640632,1581604683,1581643989,802,63.9,57.2,70,42,40
1581644208,1581604683,1581643989,802,60.53,55,64.99,55,40
1581648062,1581604683,1581643989,800,57.36,53.01,61,38,1
1581651630,1581604683,1581643989,800,55.35,50,60.01,47,1
1581655262,1581604683,1581643989,800,54.03,48.99,59,50,1
1581658610,1581604683,1581643989,800,52.23,46,57.2,71,1
1581662203,1581604683,1581643989,800,50.18,44.01,55.99,71,1
1581665923,1581604683,1581643989,800,49.62,42.8,55.99,76,1
1581669662,1581691025,1581730445,800,48.74,42.01,55.4,71,1
1581673262,1581691025,1581730445,800,47.32,39.2,55,76,1
1581676730,1581691025,1581730445,800,46.47,39,53.6,76,1
1581680339,1581691025,1581730445,800,45.48,37.99,52,76,1
1581684062,1581691025,1581730445,800,45.14,37,53.01,71,1
1581687366,1581691025,1581730445,800,44.76,36,51.8,81,1
1581691174,1581691025,1581730445,800,44.28,35.01,53.01,76,1
1581694862,1581691025,1581730445,801,45.88,37.4,52,71,20
1581698462,1581691025,1581730445,800,52.9,44.01,60.01,61,1
1581705661,1581691025,1581730445,801,60.66,57,64,63,20
1581709262,1581691025,1581730445,800,63.46,59,66.99,71,1
1581712596,1581691025,1581730445,800,65.53,60.01,70,52,1
1581716355,1581691025,1581730445,800,66.69,60.01,72,45,1
1581720062,1581691025,1581730445,800,67.03,60.01,73.4,42,1
1581723380,1581691025,1581730445,800,66.24,59,71.6,35,1
1581727261,1581691025,1581730445,800,64.22,57.99,70,25,1
1581730828,1581691025,1581730445,800,60.37,55,66.2,45,1
1581734335,1581691025,1581730445,800,56.77,52,61,62,1
1581738062,1581691025,1581730445,800,54.68,48.99,59,66,1
1581741525,1581691025,1581730445,800,53.46,48,57.2,67,1
1581745058,1581691025,1581730445,800,51.85,46,57.2,66,1
1581748862,1581691025,1581730445,800,49.93,44.01,55.99,70,1
1581752430,1581691025,1581730445,800,49.3,42.8,55.4,71,1
1581756062,1581777365,1581816901,800,47.57,39.99,55,81,1
1581759662,1581777365,1581816901,800,46.56,39.2,53.6,81,1
1581763203,1581777365,1581816901,800,45.9,39.2,54,76,1
1581766576,1581777365,1581816901,800,45.43,37.4,52,71,1
1581770462,1581777365,1581816901,500,44.62,37,51.8,80,1
1581774062,1581777365,1581816901,800,44.33,35.01,51.8,86,1
1581777661,1581777365,1581816901,800,44.01,35.6,50,75,1
1581781045,1581777365,1581816901,803,45.19,37.4,50,70,75
1581784823,1581777365,1581816901,741,51.31,42.01,59,93,90
1581788447,1581777365,1581816901,721,57.61,52,61,71,20
1581791834,1581777365,1581816901,801,61.07,57,64.99,51,20
1581795457,1581777365,1581816901,801,63.99,59,68,52,20
1581799061,1581777365,1581816901,800,66.25,60.01,70,40,1
1581802652,1581777365,1581816901,800,67.01,60.01,72,46,1
1581806215,1581777365,1581816901,801,67.28,60.8,73.4,45,20
1581810062,1581777365,1581816901,800,66.49,60.01,72,30,1
1581813662,1581777365,1581816901,800,64.53,57.99,70,34,1
1581817152,1581777365,1581816901,802,61.16,55.99,66.2,59,40
1581820711,1581777365,1581816901,801,58.14,53.01,63,63,20
1581824462,1581777365,1581816901,800,56.03,51.01,60.8,66,1
1581827966,1581777365,1581816901,800,54.73,50,59,77,1
1581831524,1581777365,1581816901,800,53.26,48,57.2,71,1
1581835212,1581777365,1581816901,800,51.55,46,57.2,82,1
1581838565,1581777365,1581816901,801,50.59,44.01,57.2,76,20
1581842462,1581863705,1581903356,800,49.41,43,55.99,75,1
1581845838,1581863705,1581903356,701,48.51,42.8,54,87,75
1581849447,1581863705,1581903356,800,48.18,42.01,54,76,1
1581853222,1581863705,1581903356,500,47.93,42.8,53.6,71,1
1581856804,1581863705,1581903356,800,47.61,41,53.6,76,1
1581860356,1581863705,1581903356,803,47.01,42.01,52,76,75
1581863851,1581863705,1581903356,500,46.29,39.2,53.01,76,90
1581867662,1581863705,1581903356,500,47.73,39.99,53.6,81,1
1581871055,1581863705,1581903356,721,53.01,46,57.99,81,90
1581874698,1581863705,1581903356,721,57.97,53.6,63,76,40
1581889065,1581863705,1581903356,800,68.13,60.8,73.99,59,1
1581892862,1581863705,1581903356,800,68.18,61,73.99,30,1
1581896444,1581863705,1581903356,800,67.1,60.01,73.4,22,1
1581900006,1581863705,1581903356,800,64.92,59,71.6,49,1
1581903662,1581863705,1581903356,800,61.34,57,66.2,77,1
1581907215,1581863705,1581903356,801,58.48,54,63,72,20
1581910862,1581863705,1581903356,800,56.64,52,61,58,1
1581914217,1581863705,1581903356,800,55.2,51.01,59,72,1
1581918019,1581863705,1581903356,800,53.37,48,57.2,62,1
1581921390,1581863705,1581903356,800,52.09,46.4,57.2,76,1
1581925237,1581863705,1581903356,800,50.43,44.6,55.4,58,1
1581928712,1581950043,1581989811,800,49.39,42.8,55.4,81,1
1581932403,1581950043,1581989811,800,48.78,42.8,54,76,1
1581935915,1581950043,1581989811,800,48.49,42.01,53.6,76,1
1581939662,1581950043,1581989811,500,47.68,41,53.6,77,1
1581943203,1581950043,1581989811,500,48.02,41,54,76,20
1581946862,1581950043,1581989811,701,47.98,39.99,54,81,1
1581950462,1581950043,1581989811,800,47.37,39.2,54,80,1
1581953771,1581950043,1581989811,721,48.49,41,55.4,81,75
1581957651,1581950043,1581989811,701,53.74,46.99,60.01,82,75
1581960965,1581950043,1581989811,721,57.43,53.01,62.01,82,75
1581964665,1581950043,1581989811,721,61.16,55.99,66,72,40
1581968190,1581950043,1581989811,801,64.4,59,69.01,55,20
1581972062,1581950043,1581989811,800,66.49,60.01,73,28,1
1581975662,1581950043,1581989811,800,68.18,60.01,75.99,37,1
1581978999,1581950043,1581989811,801,68.4,60.01,77,49,20
1581982599,1581950043,1581989811,802,67.66,59,75.99,45,40
1581986211,1581950043,1581989811,801,65.79,57.99,73.99,52,20
1581990062,1581950043,1581989811,800,61.3,55.99,69.01,39,1
1581993528,1581950043,1581989811,801,59.07,55,63,72,20
1581996993,1581950043,1581989811,800,57.22,53.01,61,77,1
1582000791,1581950043,1581989811,800,55.99,51.8,60.01,77,1
1582004173,1581950043,1581989811,800,54.07,48.2,59,77,1
1582007924,1581950043,1581989811,800,52.77,48,57.2,82,1
1582011653,1581950043,1581989811,800,52.07,46.99,57.2,76,1
1582015203,1582036380,1582076266,800,51.8,46,57.2,82,1
1582018774,1582036380,1582076266,800,50.95,45,55.4,82,1
1582022462,1582036380,1582076266,721,50.76,44.01,57.2,87,1
1582026062,1582036380,1582076266,701,50.74,44.01,55.4,87,20
1582029450,1582036380,1582076266,800,50.32,42.8,57.2,81,1
1582032998,1582036380,1582076266,800,50.05,42.01,57.2,76,1
1582040429,1582036380,1582076266,721,51.19,42.8,57.2,81,40
1582043894,1582036380,1582076266,500,55.22,50,59,76,75
1582047563,1582036380,1582076266,803,58.66,55.4,63,72,75
1582051261,1582036380,1582076266,721,61.47,57.99,64.99,55,1
1582054862,1582036380,1582076266,800,64.65,60.01,70,28,1
1582058418,1582036380,1582076266,800,67.37,60.01,73.99,30,1
1582061838,1582036380,1582076266,803,68.23,59,77,59,75
1582065507,1582036380,1582076266,803,68.36,59,77,60,75
1582069262,1582036380,1582076266,800,67.37,59,77,33,1
1582072856,1582036380,1582076266,800,65.21,59,73.4,59,1
1582076319,1582036380,1582076266,801,60.94,55.99,66.99,63,20
1582080062,1582036380,1582076266,800,58.89,55,63,82,1
1582083399,1582036380,1582076266,801,57.51,54,61,77,20
1582087095,1582036380,1582076266,801,56.62,51.8,60.8,72,20
1582090862,1582036380,1582076266,804,55.9,51.01,60.8,100,90
1582094187,1582036380,1582076266,803,55.44,48.99,60.8,72,75
1582097791,1582036380,1582076266,701,55.44,48.99,60.8,93,20
1582101491,1582122716,1582162720,804,55.15,48,60.8,77,90
1582105058,1582122716,1582162720,804,54.97,48,60.8,72,90
1582108768,1582122716,1582162720,804,54.9,48,60.8,72,90
1582112363,1582122716,1582162720,804,54.82,48,60.8,67,90
1582116062,1582122716,1582162720,804,54.63,46.99,60.8,72,90
1582119470,1582122716,1582162720,804,53.96,46.99,60.8,72,90
1582123001,1582122716,1582162720,500,53.24,46,59,72,90
1582126661,1582122716,1582162720,721,53.73,46.4,59,72,90
1582130198,1582122716,1582162720,802,57.45,51.01,62.01,63,40
1582133820,1582122716,1582162720,801,59.79,53.6,64.99,59,20
1582137397,1582122716,1582162720,801,61.81,57,66.2,59,20
1582141242,1582122716,1582162720,721,64.11,59,68,59,1
1582144821,1582122716,1582162720,721,65.93,60.01,71.01,48,1
1582148173,1582122716,1582162720,801,67.01,61,73,59,20
1582151949,1582122716,1582162720,801,66.96,60.01,73.4,59,20
1582155369,1582122716,1582162720,801,66.33,60.01,73,59,20
1582159005,1582122716,1582162720,801,65.37,59,72,59,20
1582162745,1582122716,1582162720,800,61.61,57,66.99,59,1
1582166268,1582122716,1582162720,801,59.02,54,63,72,20
1582169803,1582122716,1582162720,800,56.88,51.8,60.8,72,1
1582173662,1582122716,1582162720,800,55.85,51.01,60.8,71,1
1582177004,1582122716,1582162720,800,54.41,48.99,59,82,1
1582180803,1582122716,1582162720,800,52.79,46.99,57.99,76,1
1582184397,1582122716,1582162720,802,52.07,46,57.2,82,40
1582188062,1582209051,1582249174,701,51.1,45,55.99,81,1
1582195262,1582209051,1582249174,800,49.62,43,55.4,62,0
1582198587,1582209051,1582249174,800,49.1,42.01,55.4,76,1
1582202271,1582209051,1582249174,500,48.88,42.01,55.4,81,1
1582205969,1582209051,1582249174,500,48.61,41,55.99,76,1
1582209396,1582209051,1582249174,802,49.06,42.01,55.99,76,40
1582213037,1582209051,1582249174,801,49.78,42.8,55.4,76,20
1582216585,1582209051,1582249174,801,56.32,48.2,62.01,71,20
1582223776,1582209051,1582249174,721,67.84,62.01,73,63,1
1582227399,1582209051,1582249174,721,72.07,64.99,78.01,52,1
1582231146,1582209051,1582249174,802,74.48,66.2,81,41,40
1582234765,1582209051,1582249174,802,76.05,68,81,38,40
1582238226,1582209051,1582249174,802,77.18,69.01,82.4,36,40
1582241845,1582209051,1582249174,802,76.78,68,82.4,28,40
1582245375,1582209051,1582249174,802,72.7,62.01,80.6,33,40
1582249058,1582209051,1582249174,802,68.32,60.01,77,40,40
1582252643,1582209051,1582249174,801,64.51,57.99,71.6,46,20
1582256462,1582209051,1582249174,800,61.56,55,68,73,0
1582259796,1582209051,1582249174,800,60.31,55,66.2,63,1
1582263443,1582209051,1582249174,800,59.05,51.8,64.99,63,1
1582267262,1582209051,1582249174,800,56.91,50,62.6,69,1
1582270650,1582209051,1582249174,721,56.44,48.99,62.6,67,20
1582274455,1582295385,1582335627,800,55.98,48.2,62.6,27,0
1582277786,1582295385,1582335627,800,55.04,46.99,60.8,71,1
1582281639,1582295385,1582335627,800,54.12,46,61,25,1
1582285051,1582295385,1582335627,800,53.42,44.6,59,71,1
1582288862,1582295385,1582335627,800,53.04,44.6,60.8,28,1
1582292417,1582295385,1582335627,800,53.01,44.01,61,26,1
1582296019,1582295385,1582335627,800,52.74,44.01,60.8,26,1
1582299662,1582295385,1582335627,800,54.72,45,63,25,1
1582303009,1582295385,1582335627,800,61.88,55,69.01,63,1
1582306862,1582295385,1582335627,802,67.28,61,73,16,40
1582310276,1582295385,1582335627,803,71.15,66,75.99,43,75
1582313926,1582295385,1582335627,803,74.07,66.99,79,36,75
1582317662,1582295385,1582335627,800,75.6,66.99,82.99,14,1
1582321262,1582295385,1582335627,801,75.24,66,82.4,14,20
1582324613,1582295385,1582335627,803,73.29,60.01,81,43,75
1582328299,1582295385,1582335627,803,72.16,64,79,63,75
1582331824,1582295385,1582335627,803,69.1,60.01,78.01,56,75
1582335589,1582295385,1582335627,803,64.51,55.99,73.4,59,75
1582339231,1582295385,1582335627,500,61.03,55.4,66.2,42,75
1582342844,1582295385,1582335627,500,60.31,55,66,51,13
1582346379,1582295385,1582335627,803,59.61,55,64,77,75
1582350062,1582295385,1582335627,804,58.77,55,63,82,90
1582353498,1582295385,1582335627,804,57.72,53.6,61,77,90
1582356995,1582295385,1582335627,804,57.31,53.01,61,77,90
1582360695,1582381718,1582422080,803,57.04,53.01,60.8,72,75
1582364462,1582381718,1582422080,804,56.5,51.8,60.8,87,90
1582367781,1582381718,1582422080,804,55.89,51.8,60.01,77,90
1582371468,1582381718,1582422080,500,55.6,51.01,59,77,90
1582375262,1582381718,1582422080,804,54.88,50,59,71,90
1582378851,1582381718,1582422080,501,54.54,50,59,58,90
1582382203,1582381718,1582422080,804,54.18,50,57.2,71,90
1582386062,1582381718,1582422080,500,54.81,50,59,71,75
1582389387,1582381718,1582422080,802,57.31,52,62.01,72,40
1582393228,1582381718,1582422080,501,58.26,53.01,63,66,75
1582396755,1582381718,1582422080,500,57.72,51.8,63,76,90
1582400219,1582381718,1582422080,501,59.22,51.8,64.99,55,75
1582404026,1582381718,1582422080,500,59.16,51.8,66.2,66,90
1582407363,1582381718,1582422080,500,59.22,51.01,64.99,59,75
1582411021,1582381718,1582422080,501,59.65,53.01,64.99,55,75
1582414752,1582381718,1582422080,500,59.27,51.8,66.2,52,75
1582418411,1582381718,1582422080,500,58.42,51.01,63,58,90
1582422050,1582381718,1582422080,501,56.75,50,62.6,66,90
1582425625,1582381718,1582422080,501,55.36,48.99,60.8,100,90
1582429258,1582381718,1582422080,804,54.66,46.99,60.8,81,90
1582432643,1582381718,1582422080,500,54.36,46.99,60.8,63,75
1582436166,1582381718,1582422080,804,53.69,46.99,59,76,90
1582440025,1582381718,1582422080,804,53.46,46.99,59,100,90
1582443456,1582381718,1582422080,804,53.98,48,59,82,90
1582454191,1582468050,1582508533,500,53.55,48,59,82,90
1582457829,1582468050,1582508533,500,53.29,48,57.99,76,40
1582461452,1582468050,1582508533,803,52.97,46.99,57.99,76,75
1582465262,1582468050,1582508533,701,52.77,46.99,57.99,93,90
1582468603,1582468050,1582508533,804,52.63,46.99,57.99,87,90
1582472462,1582468050,1582508533,701,53.51,48.2,59,100,90
1582475804,1582468050,1582508533,803,56.23,51.01,61,67,75
1582479477,1582468050,1582508533,803,58.28,51.8,63,67,75
1582482978,1582468050,1582508533,803,59.13,51.01,64,59,75
1582486703,1582468050,1582508533,803,61.25,54,66.99,59,75
1582490462,1582468050,1582508533,804,62.11,57,66.2,67,90
1582494021,1582468050,1582508533,500,62.6,57,66.99,67,90
1582497366,1582468050,1582508533,802,63.36,57.99,68,48,40
1582501262,1582468050,1582508533,803,63.18,57.99,68,59,75
1582504591,1582468050,1582508533,801,62.38,59,66.99,52,20
1582508292,1582468050,1582508533,800,59.32,55,64,55,1
1582511938,1582468050,1582508533,800,57.2,52,61,59,1
1582515465,1582468050,1582508533,800,55.18,50,59,71,1
1582519014,1582468050,1582508533,800,54.07,48,59,71,1
1582522738,1582468050,1582508533,800,52.84,46.4,59,71,1
1582526301,1582468050,1582508533,800,51.21,45,57.2,81,1
1582530050,1582468050,1582508533,802,50.29,45,55.99,81,40
1582533662,1582554381,1582594985,800,49.05,42.8,55.4,81,1
1582537210,1582554381,1582594985,800,48.42,42.8,54,87,1
1582540862,1582554381,1582594985,803,47.97,42.01,54,93,75
1582544461,1582554381,1582594985,741,47.39,41,53.6,87,75
1582547930,1582554381,1582594985,800,46.94,41,52,81,1
1582551500,1582554381,1582594985,500,46.53,41,52,76,1
1582554997,1582554381,1582594985,701,46.22,39.99,51.8,87,1
1582558601,1582554381,1582594985,800,48.09,42.01,54,71,1
1582562462,1582554381,1582594985,721,55.49,50,61,76,1
1582565922,1582554381,1582594985,800,59.2,54,63,63,1
1582569661,1582554381,1582594985,800,62.11,57.99,66,67,1
1582573244,1582554381,1582594985,800,65.16,60.01,70,52,1
1582576595,1582554381,1582594985,801,67.26,60.8,73,56,20
1582580219,1582554381,1582594985,801,68.99,60.8,77,56,20
